Workbook

Sheet Lookup
A1: Category | B1: Tier 1 % | C1: Tier 2 % | D1: Tier 3 %
A2: Short-haul AM | B2: 1 | C2: 3 | D2: 10
A3: Short-haul Midday | B3: 1 | C3: 2 | D3: 8
A4: Short-haul PM | B4: 2 | C4: 4 | D4: 12
A5: Long-haul AM | B5: 5 | C5: 10 | D5: 25
A6: Long-haul Midday | B6: 4 | C6: 8 | D6: 20
A7: Long-haul PM | B7: 3 | C7: 7 | D7: 18

Sheet Sample_Schedule
A1: Flight No. | B1: Departure Time | C1: Destination | D1: Category | E1: Tier 1 % | F1: Tier 2 % | G1: Tier 3 %
A2: BA456 | B2: 06:15 | C2: Madrid | E2: =IF($D2="","",VLOOKUP($D2,Lookup!$A$2:$D$7,2,FALSE)) | F2: =IF($D2="","",VLOOKUP($D2,Lookup!$A$2:$D$7,3,FALSE)) | G2: =IF($D2="","",VLOOKUP($D2,Lookup!$A$2:$D$7,4,FALSE))
A3: BA664 | B3: 07:00 | C3: Larnaca | E3: =IF($D3="","",VLOOKUP($D3,Lookup!$A$2:$D$7,2,FALSE)) | F3: =IF($D3="","",VLOOKUP($D3,Lookup!$A$2:$D$7,3,FALSE)) | G3: =IF($D3="","",VLOOKUP($D3,Lookup!$A$2:$D$7,4,FALSE))
A4: BA132 | B4: 12:20 | C4: Rome | E4: =IF($D4="","",VLOOKUP($D4,Lookup!$A$2:$D$7,2,FALSE)) | F4: =IF($D4="","",VLOOKUP($D4,Lookup!$A$2:$D$7,3,FALSE)) | G4: =IF($D4="","",VLOOKUP($D4,Lookup!$A$2:$D$7,4,FALSE))
A5: BA482 | B5: 15:45 | C5: Barcelona | E5: =IF($D5="","",VLOOKUP($D5,Lookup!$A$2:$D$7,2,FALSE)) | F5: =IF($D5="","",VLOOKUP($D5,Lookup!$A$2:$D$7,3,FALSE)) | G5: =IF($D5="","",VLOOKUP($D5,Lookup!$A$2:$D$7,4,FALSE))
A6: BA209 | B6: 09:30 | C6: Miami | E6: =IF($D6="","",VLOOKUP($D6,Lookup!$A$2:$D$7,2,FALSE)) | F6: =IF($D6="","",VLOOKUP($D6,Lookup!$A$2:$D$7,3,FALSE)) | G6: =IF($D6="","",VLOOKUP($D6,Lookup!$A$2:$D$7,4,FALSE))
E7: =IF($D7="","",VLOOKUP($D7,Lookup!$A$2:$D$7,2,FALSE)) | F7: =IF($D7="","",VLOOKUP($D7,Lookup!$A$2:$D$7,3,FALSE)) | G7: =IF($D7="","",VLOOKUP($D7,Lookup!$A$2:$D$7,4,FALSE))
E8: =IF($D8="","",VLOOKUP($D8,Lookup!$A$2:$D$7,2,FALSE)) | F8: =IF($D8="","",VLOOKUP($D8,Lookup!$A$2:$D$7,3,FALSE)) | G8: =IF($D8="","",VLOOKUP($D8,Lookup!$A$2:$D$7,4,FALSE))
E9: =IF($D9="","",VLOOKUP($D9,Lookup!$A$2:$D$7,2,FALSE)) | F9: =IF($D9="","",VLOOKUP($D9,Lookup!$A$2:$D$7,3,FALSE)) | G9: =IF($D9="","",VLOOKUP($D9,Lookup!$A$2:$D$7,4,FALSE))
E10: =IF($D10="","",VLOOKUP($D10,Lookup!$A$2:$D$7,2,FALSE)) | F10: =IF($D10="","",VLOOKUP($D10,Lookup!$A$2:$D$7,3,FALSE)) | G10: =IF($D10="","",VLOOKUP($D10,Lookup!$A$2:$D$7,4,FALSE))
E11: =IF($D11="","",VLOOKUP($D11,Lookup!$A$2:$D$7,2,FALSE)) | F11: =IF($D11="","",VLOOKUP($D11,Lookup!$A$2:$D$7,3,FALSE)) | G11: =IF($D11="","",VLOOKUP($D11,Lookup!$A$2:$D$7,4,FALSE))
E12: =IF($D12="","",VLOOKUP($D12,Lookup!$A$2:$D$7,2,FALSE)) | F12: =IF($D12="","",VLOOKUP($D12,Lookup!$A$2:$D$7,3,FALSE)) | G12: =IF($D12="","",VLOOKUP($D12,Lookup!$A$2:$D$7,4,FALSE))
E13: =IF($D13="","",VLOOKUP($D13,Lookup!$A$2:$D$7,2,FALSE)) | F13: =IF($D13="","",VLOOKUP($D13,Lookup!$A$2:$D$7,3,FALSE)) | G13: =IF($D13="","",VLOOKUP($D13,Lookup!$A$2:$D$7,4,FALSE))
E14: =IF($D14="","",VLOOKUP($D14,Lookup!$A$2:$D$7,2,FALSE)) | F14: =IF($D14="","",VLOOKUP($D14,Lookup!$A$2:$D$7,3,FALSE)) | G14: =IF($D14="","",VLOOKUP($D14,Lookup!$A$2:$D$7,4,FALSE))
E15: =IF($D15="","",VLOOKUP($D15,Lookup!$A$2:$D$7,2,FALSE)) | F15: =IF($D15="","",VLOOKUP($D15,Lookup!$A$2:$D$7,3,FALSE)) | G15: =IF($D15="","",VLOOKUP($D15,Lookup!$A$2:$D$7,4,FALSE))
E16: =IF($D16="","",VLOOKUP($D16,Lookup!$A$2:$D$7,2,FALSE)) | F16: =IF($D16="","",VLOOKUP($D16,Lookup!$A$2:$D$7,3,FALSE)) | G16: =IF($D16="","",VLOOKUP($D16,Lookup!$A$2:$D$7,4,FALSE))
E17: =IF($D17="","",VLOOKUP($D17,Lookup!$A$2:$D$7,2,FALSE)) | F17: =IF($D17="","",VLOOKUP($D17,Lookup!$A$2:$D$7,3,FALSE)) | G17: =IF($D17="","",VLOOKUP($D17,Lookup!$A$2:$D$7,4,FALSE))
E18: =IF($D18="","",VLOOKUP($D18,Lookup!$A$2:$D$7,2,FALSE)) | F18: =IF($D18="","",VLOOKUP($D18,Lookup!$A$2:$D$7,3,FALSE)) | G18: =IF($D18="","",VLOOKUP($D18,Lookup!$A$2:$D$7,4,FALSE))
... E101: =IF($D101="","",VLOOKUP($D101,Lookup!$A$2:$D$7,2,FALSE)) | F101: =IF($D101="","",VLOOKUP($D101,Lookup!$A$2:$D$7,3,FALSE)) | G101: =IF($D101="","",VLOOKUP($D101,Lookup!$A$2:$D$7,4,FALSE))

Sheet FORMULA_VIEW
A1: Description | B1: Example Formula (as text)
A2: Tier 1 formula (for Sample row 2) | B2: =IF($D2="","",VLOOKUP($D2,Lookup!$A$2:$D$7,2,FALSE))
A3: Tier 2 formula (for Sample row 2) | B3: =IF($D2="","",VLOOKUP($D2,Lookup!$A$2:$D$7,3,FALSE))
A4: Tier 3 formula (for Sample row 2) | B4: =IF($D2="","",VLOOKUP($D2,Lookup!$A$2:$D$7,4,FALSE))
A5: Dropdown source (Excel data validation) | B5: =Lookup!$A$2:$A$7
